image;X;Y;issues
spotassay_019_00.jpg;68;180;False
spotassay_019_01.jpg;99;81;True
spotassay_019_02.jpg;67;140;False
spotassay_019_03.jpg;77;221;False
spotassay_020_00.jpg;88;187;False
spotassay_020_01.jpg;52;140;False
spotassay_020_02.jpg;76;63;False
spotassay_020_03.jpg;44;67;False
spotassay_021_00.jpg;44;83;False
spotassay_021_01.jpg;63;77;False
spotassay_021_02.jpg;60;170;False
spotassay_021_03.jpg;47;58;False
spotassay_022_00.jpg;99;180;False
spotassay_022_01.jpg;93;61;False
spotassay_022_02.jpg;42;76;False
spotassay_022_03.jpg;104;253;False
spotassay_023_00.jpg;90;159;False
spotassay_023_01.jpg;52;70;False
spotassay_023_02.jpg;29;79;False
spotassay_023_03.jpg;76;115;False
spotassay_024_00.jpg;51;163;False
spotassay_024_01.jpg;45;65;False
spotassay_024_02.jpg;68;68;False
spotassay_024_03.jpg;54;76;False
spotassay_025_00.jpg;100;60;False
spotassay_025_01.jpg;86;22;False
spotassay_025_02.jpg;74;285;False
spotassay_025_03.jpg;93;163;False
spotassay_026_00.jpg;54;33;False
spotassay_026_01.jpg;54;56;False
spotassay_026_02.jpg;102;251;False
spotassay_026_03.jpg;65;187;False
spotassay_027_00.jpg;108;92;False
spotassay_027_01.jpg;118;35;False
spotassay_027_02.jpg;76;100;False
spotassay_027_03.jpg;62;175;False
spotassay_028_00.jpg;75;120;False
spotassay_028_01.jpg;109;140;False
spotassay_028_02.jpg;40;217;False
spotassay_028_03.jpg;88;223;False
spotassay_029_00.jpg;48;110;False
spotassay_029_01.jpg;102;69;False
spotassay_029_02.jpg;44;217;False
spotassay_029_03.jpg;96;180;False
spotassay_030_00.jpg;79;79;False
spotassay_030_01.jpg;92;113;False
spotassay_030_02.jpg;37;149;False
spotassay_030_03.jpg;96;230;False
spotassay_031_00.jpg;67;187;False
spotassay_031_01.jpg;96;152;False
spotassay_031_02.jpg;42;208;False
spotassay_031_03.jpg;90;235;False
spotassay_032_00.jpg;72;171;False
spotassay_032_01.jpg;113;162;False
spotassay_032_02.jpg;53;214;False
spotassay_032_03.jpg;101;233;False
spotassay_033_00.jpg;44;164;False
spotassay_033_01.jpg;81;173;False
spotassay_033_02.jpg;60;184;False
spotassay_033_03.jpg;114;219;False
spotassay_034_00.jpg;55;53;False
spotassay_034_01.jpg;83;176;False
spotassay_034_02.jpg;60;158;False
spotassay_034_03.jpg;75;193;False
spotassay_035_00.jpg;42;55;False
spotassay_035_01.jpg;96;114;False
spotassay_035_02.jpg;53;190;False
spotassay_035_03.jpg;114;252;False
spotassay_036_00.jpg;69;123;False
spotassay_036_01.jpg;89;186;False
spotassay_036_02.jpg;104;230;False
spotassay_036_03.jpg;66;203;False
spotassay_037_00.jpg;69;102;False
spotassay_037_01.jpg;17;122;False
spotassay_037_02.jpg;34;157;False
spotassay_037_03.jpg;79;198;False
spotassay_038_00.jpg;72;85;False
spotassay_038_01.jpg;54;68;False
spotassay_038_02.jpg;73;138;False
spotassay_038_03.jpg;39;141;False
spotassay_039_00.jpg;61;129;False
spotassay_039_01.jpg;69;122;False
spotassay_039_02.jpg;26;214;False
spotassay_039_03.jpg;47;179;False
spotassay_040_00.jpg;42;95;False
spotassay_040_01.jpg;56;127;False
spotassay_040_02.jpg;70;224;False
spotassay_040_03.jpg;41;196;False
spotassay_041_00.jpg;52;137;False
spotassay_041_01.jpg;68;116;False
spotassay_041_02.jpg;33;205;False
spotassay_041_03.jpg;60;214;False
spotassay_042_00.jpg;33;120;False
spotassay_042_01.jpg;76;136;False
spotassay_042_02.jpg;42;204;False
spotassay_042_03.jpg;63;203;False
spotassay_043_00.jpg;13;79;False
spotassay_043_01.jpg;45;147;False
spotassay_043_02.jpg;75;182;False
spotassay_043_03.jpg;67;185;False
spotassay_044_00.jpg;56;53;False
spotassay_044_01.jpg;63;96;False
spotassay_044_02.jpg;77;213;False
spotassay_044_03.jpg;65;171;False
spotassay_045_00.jpg;35;81;False
spotassay_045_01.jpg;59;40;False
spotassay_045_02.jpg;87;208;False
spotassay_045_03.jpg;10;208;False
spotassay_046_00.jpg;30;31;False
spotassay_046_01.jpg;82;72;False
spotassay_046_02.jpg;14;186;False
spotassay_046_03.jpg;7;168;False
spotassay_047_00.jpg;49;109;False
spotassay_047_01.jpg;97;117;False
spotassay_047_02.jpg;16;208;False
spotassay_047_03.jpg;62;173;False
spotassay_048_00.jpg;56;46;False
spotassay_048_01.jpg;42;82;False
spotassay_048_02.jpg;47;200;False
spotassay_048_03.jpg;10;225;False
spotassay_049_00.jpg;59;81;False
spotassay_049_01.jpg;48;131;False
spotassay_049_02.jpg;20;194;False
spotassay_049_03.jpg;46;157;False
spotassay_050_00.jpg;80;110;False
spotassay_050_01.jpg;67;108;False
spotassay_050_02.jpg;34;193;False
spotassay_050_03.jpg;63;184;False
spotassay_051_00.jpg;42;60;False
spotassay_051_01.jpg;81;92;False
spotassay_051_02.jpg;38;196;False
spotassay_051_03.jpg;47;213;False
spotassay_053_00.jpg;47;65;False
spotassay_053_01.jpg;69;73;False
spotassay_053_02.jpg;53;94;False
spotassay_053_03.jpg;49;150;False
spotassay_054_00.jpg;51;97;False
spotassay_054_01.jpg;54;83;False
spotassay_054_02.jpg;62;179;False
spotassay_054_03.jpg;55;206;False
spotassay_055_00.jpg;84;87;False
spotassay_055_01.jpg;39;56;False
spotassay_055_02.jpg;58;171;False
spotassay_055_03.jpg;68;148;False
spotassay_074_00.jpg;62;81;False
spotassay_074_01.jpg;66;78;False
spotassay_074_02.jpg;45;125;False
spotassay_074_03.jpg;70;171;False
spotassay_075_00.jpg;40;126;False
spotassay_075_01.jpg;60;87;False
spotassay_075_02.jpg;25;80;False
spotassay_075_03.jpg;44;118;False
spotassay_076_00.jpg;41;147;False
spotassay_076_01.jpg;46;146;False
spotassay_076_02.jpg;62;94;False
spotassay_076_03.jpg;27;105;False
spotassay_077_00.jpg;41;75;False
spotassay_077_01.jpg;41;33;False
spotassay_077_02.jpg;24;42;False
spotassay_077_03.jpg;38;55;False
spotassay_078_00.jpg;40;71;False
spotassay_078_01.jpg;46;110;False
spotassay_078_02.jpg;36;98;False
spotassay_078_03.jpg;38;199;False
spotassay_079_00.jpg;49;157;False
spotassay_079_01.jpg;72;146;False
spotassay_079_02.jpg;34;55;False
spotassay_079_03.jpg;27;212;False
spotassay_080_00.jpg;50;107;False
spotassay_080_01.jpg;51;111;False
spotassay_080_02.jpg;79;88;False
spotassay_080_03.jpg;90;348;False
spotassay_081_00.jpg;63;136;False
spotassay_081_01.jpg;76;126;False
spotassay_081_02.jpg;74;152;False
spotassay_081_03.jpg;59;211;False
spotassay_082_00.jpg;73;101;False
spotassay_082_01.jpg;46;170;False
spotassay_082_02.jpg;49;56;False
spotassay_082_03.jpg;90;199;False
spotassay_083_00.jpg;86;107;False
spotassay_083_01.jpg;34;129;False
spotassay_083_02.jpg;56;159;True
spotassay_083_03.jpg;40;234;False
spotassay_084_00.jpg;96;105;False
spotassay_084_01.jpg;56;107;False
spotassay_084_02.jpg;34;167;False
spotassay_084_03.jpg;53;227;False
spotassay_085_00.jpg;60;108;False
spotassay_085_01.jpg;92;143;False
spotassay_085_02.jpg;54;179;False
spotassay_085_03.jpg;95;232;False
spotassay_086_00.jpg;64;104;False
spotassay_086_01.jpg;57;160;False
spotassay_086_02.jpg;11;134;False
spotassay_086_03.jpg;49;195;False
spotassay_087_00.jpg;77;146;False
spotassay_087_01.jpg;62;137;False
spotassay_087_02.jpg;30;163;False
spotassay_087_03.jpg;63;229;False
spotassay_088_00.jpg;72;143;False
spotassay_088_01.jpg;60;100;False
spotassay_088_02.jpg;15;169;False
spotassay_088_03.jpg;83;214;False
spotassay_089_00.jpg;83;93;False
spotassay_089_01.jpg;63;120;False
spotassay_089_02.jpg;40;196;False
spotassay_089_03.jpg;56;221;False
spotassay_090_00.jpg;78;70;False
spotassay_090_01.jpg;49;156;False
spotassay_090_02.jpg;33;79;False
spotassay_090_03.jpg;84;198;False
spotassay_091_00.jpg;75;111;False
spotassay_091_01.jpg;65;150;False
spotassay_091_02.jpg;22;164;False
spotassay_091_03.jpg;47;219;False
spotassay_092_00.jpg;61;128;False
spotassay_092_01.jpg;44;148;False
spotassay_092_02.jpg;50;214;False
spotassay_092_03.jpg;51;260;False
spotassay_093_00.jpg;41;139;False
spotassay_093_01.jpg;53;183;False
spotassay_093_02.jpg;54;438;False
spotassay_093_03.jpg;27;240;False
spotassay_094_00.jpg;71;79;False
spotassay_094_01.jpg;60;131;False
spotassay_094_02.jpg;37;89;False
spotassay_094_03.jpg;68;248;False
spotassay_095_00.jpg;32;131;False
spotassay_095_01.jpg;49;151;False
spotassay_095_02.jpg;53;68;False
spotassay_095_03.jpg;67;75;False
spotassay_096_00.jpg;65;155;False
spotassay_096_01.jpg;79;164;False
spotassay_096_02.jpg;79;426;False
spotassay_096_03.jpg;39;235;False
spotassay_097_00.jpg;37;114;False
spotassay_097_01.jpg;61;164;False
spotassay_097_02.jpg;24;73;False
spotassay_097_03.jpg;48;253;False
spotassay_098_00.jpg;67;60;False
spotassay_098_01.jpg;82;148;False
spotassay_098_02.jpg;17;200;False
spotassay_098_03.jpg;58;231;False
spotassay_099_00.jpg;78;104;False
spotassay_099_01.jpg;58;135;False
spotassay_099_02.jpg;56;213;False
spotassay_099_03.jpg;40;247;False
spotassay_100_00.jpg;53;77;False
spotassay_100_01.jpg;55;185;False
spotassay_100_02.jpg;64;247;False
spotassay_100_03.jpg;32;236;False
spotassay_101_00.jpg;34;46;False
spotassay_101_01.jpg;83;104;False
spotassay_101_02.jpg;71;167;False
spotassay_101_03.jpg;46;211;False
spotassay_102_00.jpg;27;54;False
spotassay_102_01.jpg;23;35;False
spotassay_102_02.jpg;41;80;False
spotassay_102_03.jpg;28;90;False
spotassay_103_00.jpg;63;96;False
spotassay_103_01.jpg;30;97;False
spotassay_103_02.jpg;90;204;False
spotassay_103_03.jpg;28;273;False
spotassay_104_00.jpg;60;59;False
spotassay_104_01.jpg;77;90;False
spotassay_104_02.jpg;55;181;False
spotassay_104_03.jpg;50;231;False
spotassay_105_00.jpg;77;15;False
spotassay_105_01.jpg;53;100;False
spotassay_105_02.jpg;30;233;False
spotassay_105_03.jpg;53;226;False
spotassay_106_00.jpg;50;88;False
spotassay_106_01.jpg;74;98;False
spotassay_106_02.jpg;58;155;False
spotassay_106_03.jpg;55;219;False
spotassay_107_00.jpg;70;35;False
spotassay_107_01.jpg;90;158;False
spotassay_107_02.jpg;76;179;False
spotassay_107_03.jpg;39;247;False
spotassay_108_00.jpg;42;38;False
spotassay_108_01.jpg;65;132;False
spotassay_108_02.jpg;97;221;False
spotassay_108_03.jpg;9;116;False
spotassay_109_00.jpg;61;81;False
spotassay_109_01.jpg;68;155;False
spotassay_109_02.jpg;43;91;False
spotassay_109_03.jpg;48;211;False
spotassay_10a.png;83;295;False
spotassay_10b.png;65;273;False
spotassay_10c.png;90;272;False
spotassay_10d.png;89;217;False
spotassay_110_00.jpg;2;156;False
spotassay_110_01.jpg;77;100;False
spotassay_110_02.jpg;2;98;False
spotassay_110_03.jpg;60;57;False
spotassay_111_00.jpg;35;199;False
spotassay_111_01.jpg;63;121;False
spotassay_111_02.jpg;17;104;False
spotassay_111_03.jpg;38;91;False
spotassay_112_00.jpg;74;134;False
spotassay_112_01.jpg;84;150;False
spotassay_112_02.jpg;40;93;False
spotassay_112_03.jpg;31;98;False
spotassay_113_00.jpg;71;90;False
spotassay_113_01.jpg;48;83;False
spotassay_113_02.jpg;77;80;False
spotassay_113_03.jpg;64;111;False
spotassay_114_00.jpg;83;108;False
spotassay_114_01.jpg;71;173;False
spotassay_114_02.jpg;58;100;False
spotassay_114_03.jpg;31;111;False
spotassay_115_00.jpg;58;116;False
spotassay_115_01.jpg;61;74;False
spotassay_115_02.jpg;61;88;False
spotassay_115_03.jpg;61;107;False
spotassay_116_00.jpg;77;121;False
spotassay_116_01.jpg;76;132;False
spotassay_116_02.jpg;50;78;False
spotassay_116_03.jpg;31;111;False
spotassay_117_00.jpg;63;130;False
spotassay_117_01.jpg;74;142;False
spotassay_117_02.jpg;35;57;False
spotassay_117_03.jpg;24;129;False
spotassay_118_00.jpg;76;130;False
spotassay_118_01.jpg;56;137;False
spotassay_118_02.jpg;64;98;False
spotassay_118_03.jpg;34;81;False
spotassay_119_00.jpg;79;156;False
spotassay_119_01.jpg;57;153;False
spotassay_119_02.jpg;20;77;False
spotassay_119_03.jpg;12;70;False
spotassay_11a.png;99;264;False
spotassay_11b.png;93;201;False
spotassay_11c.png;84;296;False
spotassay_11d.png;89;235;False
spotassay_120_00.jpg;90;111;False
spotassay_120_01.jpg;61;160;False
spotassay_120_02.jpg;25;72;False
spotassay_120_03.jpg;25;65;False
spotassay_121_00.jpg;86;124;False
spotassay_121_01.jpg;86;132;False
spotassay_121_02.jpg;50;65;False
spotassay_121_03.jpg;61;70;False
spotassay_122_00.jpg;69;70;False
spotassay_122_01.jpg;58;59;False
spotassay_122_02.jpg;73;72;False
spotassay_122_03.jpg;77;72;False
spotassay_123_00.jpg;45;146;False
spotassay_123_01.jpg;44;93;False
spotassay_123_02.jpg;77;55;False
spotassay_123_03.jpg;27;44;False
spotassay_124_00.jpg;76;127;False
spotassay_124_01.jpg;54;160;False
spotassay_124_02.jpg;41;70;False
spotassay_124_03.jpg;38;59;False
spotassay_125_00.jpg;92;165;False
spotassay_125_01.jpg;86;147;False
spotassay_125_02.jpg;40;83;False
spotassay_125_03.jpg;35;88;False
spotassay_126_00.jpg;76;170;False
spotassay_126_01.jpg;31;175;False
spotassay_126_02.jpg;14;71;False
spotassay_126_03.jpg;61;100;False
spotassay_127_00.jpg;74;137;False
spotassay_127_01.jpg;86;166;False
spotassay_127_02.jpg;66;70;False
spotassay_127_03.jpg;28;45;False
spotassay_128_00.jpg;31;206;False
spotassay_128_01.jpg;80;222;False
spotassay_128_02.jpg;50;70;False
spotassay_128_03.jpg;40;62;False
spotassay_129_00.jpg;57;244;False
spotassay_129_01.jpg;47;250;False
spotassay_129_02.jpg;128;454;False
spotassay_129_03.jpg;165;453;False
spotassay_12a.png;103;297;False
spotassay_12b.png;64;257;False
spotassay_12c.png;97;257;False
spotassay_12d.png;74;271;False
spotassay_130_00.jpg;73;120;False
spotassay_130_01.jpg;64;250;False
spotassay_130_02.jpg;53;70;False
spotassay_130_03.jpg;21;41;False
spotassay_131_00.jpg;30;250;False
spotassay_131_01.jpg;53;235;False
spotassay_131_02.jpg;64;61;False
spotassay_131_03.jpg;56;71;False
spotassay_132_00.jpg;50;273;False
spotassay_132_01.jpg;60;241;False
spotassay_132_02.jpg;79;44;False
spotassay_132_03.jpg;48;72;False
spotassay_133_00.jpg;103;221;False
spotassay_133_01.jpg;89;287;False
spotassay_133_02.jpg;3;68;False
spotassay_133_03.jpg;49;83;False
spotassay_134_00.jpg;23;206;False
spotassay_134_01.jpg;29;258;False
spotassay_134_02.jpg;57;33;False
spotassay_134_03.jpg;34;36;False
spotassay_135_00.jpg;42;234;False
spotassay_135_01.jpg;71;139;False
spotassay_135_02.jpg;54;99;False
spotassay_135_03.jpg;64;65;False
spotassay_136_00.jpg;41;212;False
spotassay_136_01.jpg;41;239;False
spotassay_136_02.jpg;49;76;False
spotassay_136_03.jpg;42;57;False
spotassay_137_00.jpg;71;95;False
spotassay_137_01.jpg;45;83;False
spotassay_137_02.jpg;33;98;False
spotassay_137_03.jpg;64;81;False
spotassay_138_00.jpg;44;120;False
spotassay_138_01.jpg;86;137;False
spotassay_138_02.jpg;51;105;False
spotassay_138_03.jpg;21;35;False
spotassay_139_00.jpg;48;130;False
spotassay_139_01.jpg;22;68;False
spotassay_139_02.jpg;36;83;False
spotassay_139_03.jpg;27;133;False
spotassay_13a.png;79;276;False
spotassay_13b.png;73;282;False
spotassay_13c.png;99;267;False
spotassay_13d.png;85;218;False
spotassay_140_00.jpg;73;102;False
spotassay_140_01.jpg;46;142;False
spotassay_140_02.jpg;40;76;False
spotassay_140_03.jpg;67;97;False
spotassay_141_00.jpg;55;123;False
spotassay_141_01.jpg;54;93;False
spotassay_141_02.jpg;81;133;False
spotassay_141_03.jpg;56;100;False
spotassay_142_00.jpg;90;126;False
spotassay_142_01.jpg;52;88;False
spotassay_142_02.jpg;61;79;False
spotassay_142_03.jpg;100;46;False
spotassay_143_00.jpg;69;94;False
spotassay_143_01.jpg;48;103;False
spotassay_143_02.jpg;36;82;False
spotassay_143_03.jpg;61;94;False
spotassay_144_00.jpg;89;121;False
spotassay_144_01.jpg;64;69;False
spotassay_144_02.jpg;42;56;False
spotassay_144_03.jpg;54;103;False
spotassay_145_00.jpg;50;232;False
spotassay_145_01.jpg;81;79;False
spotassay_145_02.jpg;115;404;False
spotassay_145_03.jpg;14;92;False
spotassay_146_00.jpg;34;71;False
spotassay_146_01.jpg;28;23;False
spotassay_146_02.jpg;35;79;False
spotassay_146_03.jpg;58;113;False
spotassay_147_00.jpg;83;63;False
spotassay_147_01.jpg;74;61;False
spotassay_147_02.jpg;72;107;False
spotassay_147_03.jpg;50;82;False
spotassay_148_00.jpg;19;78;False
spotassay_148_01.jpg;49;46;False
spotassay_148_02.jpg;55;84;False
spotassay_148_03.jpg;51;129;False
spotassay_149_00.jpg;45;62;False
spotassay_149_01.jpg;43;59;False
spotassay_149_02.jpg;56;93;False
spotassay_149_03.jpg;55;63;False
spotassay_14a.png;105;236;False
spotassay_14b.png;99;271;False
spotassay_14c.png;106;271;False
spotassay_14d.png;97;214;False
spotassay_150_00.jpg;62;87;False
spotassay_150_01.jpg;58;109;False
spotassay_150_02.jpg;60;92;False
spotassay_150_03.jpg;49;55;False
spotassay_152_00.jpg;46;125;False
spotassay_152_01.jpg;48;97;False
spotassay_152_02.jpg;52;133;False
spotassay_152_03.jpg;259;326;False
spotassay_153_00.jpg;69;85;False
spotassay_153_01.jpg;33;61;False
spotassay_153_02.jpg;53;77;False
spotassay_153_03.jpg;29;54;False
spotassay_154_00.jpg;47;135;False
spotassay_154_01.jpg;53;125;False
spotassay_154_02.jpg;56;92;False
spotassay_154_03.jpg;33;67;False
spotassay_155_00.jpg;48;71;False
spotassay_155_01.jpg;60;50;False
spotassay_155_02.jpg;74;52;False
spotassay_155_03.jpg;65;97;False
spotassay_156_00.jpg;71;107;False
spotassay_156_01.jpg;55;124;False
spotassay_156_02.jpg;28;91;False
spotassay_156_03.jpg;59;90;False
spotassay_157_00.jpg;52;117;False
spotassay_157_01.jpg;42;81;False
spotassay_157_02.jpg;71;55;False
spotassay_157_03.jpg;40;56;False
spotassay_158_00.jpg;53;103;False
spotassay_158_01.jpg;69;149;False
spotassay_158_02.jpg;61;72;False
spotassay_158_03.jpg;32;58;False
spotassay_159_00.jpg;52;111;False
spotassay_159_01.jpg;79;104;False
spotassay_159_02.jpg;64;103;False
spotassay_159_03.jpg;34;103;False
spotassay_15a.png;95;74;False
spotassay_15b.png;7;162;False
spotassay_15c.png;70;104;False
spotassay_15d.png;80;86;False
spotassay_160_00.jpg;93;123;False
spotassay_160_01.jpg;51;79;False
spotassay_160_02.jpg;61;65;False
spotassay_160_03.jpg;50;85;False
spotassay_161_00.jpg;56;85;False
spotassay_161_01.jpg;88;48;False
spotassay_161_02.jpg;67;60;False
spotassay_161_03.jpg;56;68;False
spotassay_162_00.jpg;33;123;False
spotassay_162_01.jpg;61;181;False
spotassay_162_02.jpg;68;77;False
spotassay_162_03.jpg;79;64;False
spotassay_163_00.jpg;58;47;False
spotassay_163_01.jpg;44;91;False
spotassay_163_02.jpg;43;67;False
spotassay_163_03.jpg;72;128;False
spotassay_164_00.jpg;22;109;False
spotassay_164_01.jpg;30;96;False
spotassay_164_02.jpg;114;368;False
spotassay_164_03.jpg;108;79;False
spotassay_165_00.jpg;45;46;False
spotassay_165_01.jpg;48;67;False
spotassay_165_02.jpg;68;112;False
spotassay_165_03.jpg;52;164;False
spotassay_166_00.jpg;38;75;False
spotassay_166_01.jpg;37;207;False
spotassay_166_02.jpg;79;149;False
spotassay_166_03.jpg;50;83;False
spotassay_167_00.jpg;40;108;False
spotassay_167_01.jpg;2;143;False
spotassay_167_02.jpg;31;152;False
spotassay_167_03.jpg;42;141;False
spotassay_168_00.jpg;53;187;False
spotassay_168_01.jpg;48;155;False
spotassay_168_02.jpg;25;141;False
spotassay_168_03.jpg;34;197;False
spotassay_169_00.jpg;48;175;False
spotassay_169_01.jpg;57;122;False
spotassay_169_02.jpg;92;74;False
spotassay_169_03.jpg;45;147;False
spotassay_16a.png;90;294;False
spotassay_16b.png;92;251;False
spotassay_16c.png;74;269;False
spotassay_16d.png;82;214;False
spotassay_170_00.jpg;83;156;False
spotassay_170_01.jpg;54;123;False
spotassay_170_02.jpg;66;78;False
spotassay_170_03.jpg;31;61;False
spotassay_171_00.jpg;39;137;False
spotassay_171_01.jpg;57;111;False
spotassay_171_02.jpg;60;85;False
spotassay_171_03.jpg;44;47;False
spotassay_172_00.jpg;59;173;False
spotassay_172_01.jpg;54;159;False
spotassay_172_02.jpg;46;99;False
spotassay_172_03.jpg;47;196;False
spotassay_173_00.jpg;50;146;False
spotassay_173_01.jpg;71;89;False
spotassay_173_02.jpg;33;212;False
spotassay_173_03.jpg;43;211;False
spotassay_174_00.jpg;56;100;False
spotassay_174_01.jpg;32;119;False
spotassay_174_02.jpg;54;90;False
spotassay_174_03.jpg;20;150;False
spotassay_175_00.jpg;23;90;False
spotassay_175_01.jpg;55;66;False
spotassay_175_02.jpg;21;49;False
spotassay_175_03.jpg;58;194;False
spotassay_176_00.jpg;42;144;False
spotassay_176_01.jpg;62;97;False
spotassay_176_02.jpg;34;147;False
spotassay_176_03.jpg;54;213;False
spotassay_177_00.jpg;62;92;False
spotassay_177_01.jpg;60;73;False
spotassay_177_02.jpg;52;138;False
spotassay_177_03.jpg;60;158;False
spotassay_178_00.jpg;37;177;False
spotassay_178_01.jpg;60;100;False
spotassay_178_02.jpg;39;143;False
spotassay_178_03.jpg;61;207;False
spotassay_179_00.jpg;72;145;False
spotassay_179_01.jpg;37;77;False
spotassay_179_02.jpg;76;123;False
spotassay_179_03.jpg;63;137;False
spotassay_17a.png;92;240;False
spotassay_17b.png;84;299;False
spotassay_17c.png;89;289;False
spotassay_17d.png;75;211;False
spotassay_180_00.jpg;62;128;False
spotassay_180_01.jpg;62;77;False
spotassay_180_02.jpg;68;150;False
spotassay_180_03.jpg;71;207;False
spotassay_181_00.jpg;60;83;False
spotassay_181_01.jpg;52;58;False
spotassay_181_02.jpg;46;154;False
spotassay_181_03.jpg;59;198;False
spotassay_182_00.jpg;42;36;False
spotassay_182_01.jpg;61;63;False
spotassay_182_02.jpg;49;147;False
spotassay_182_03.jpg;63;177;False
spotassay_183_00.jpg;60;109;False
spotassay_183_01.jpg;49;139;False
spotassay_183_02.jpg;68;176;False
spotassay_183_03.jpg;41;178;False
spotassay_184_00.jpg;40;98;False
spotassay_184_01.jpg;54;88;False
spotassay_184_02.jpg;35;156;False
spotassay_184_03.jpg;63;131;False
spotassay_185_00.jpg;64;129;False
spotassay_185_01.jpg;66;94;False
spotassay_185_02.jpg;50;175;False
spotassay_185_03.jpg;41;170;False
spotassay_186_00.jpg;64;149;False
spotassay_186_01.jpg;74;157;False
spotassay_186_02.jpg;58;170;False
spotassay_186_03.jpg;66;147;False
spotassay_187_00.jpg;61;84;False
spotassay_187_01.jpg;55;136;False
spotassay_187_02.jpg;53;153;False
spotassay_187_03.jpg;73;170;False
spotassay_188_00.jpg;51;151;False
spotassay_188_01.jpg;53;70;False
spotassay_188_02.jpg;21;187;False
spotassay_188_03.jpg;22;131;False
spotassay_189_00.jpg;38;85;False
spotassay_189_01.jpg;69;83;False
spotassay_189_02.jpg;11;167;False
spotassay_189_03.jpg;36;167;False
spotassay_18a.png;80;296;False
spotassay_18b.png;78;255;False
spotassay_18c.png;83;274;False
spotassay_18d.png;73;206;False
spotassay_190_00.jpg;56;117;False
spotassay_190_01.jpg;60;90;False
spotassay_190_02.jpg;36;177;False
spotassay_190_03.jpg;51;148;False
spotassay_191_00.jpg;49;118;False
spotassay_191_01.jpg;55;65;False
spotassay_191_02.jpg;51;226;False
spotassay_191_03.jpg;60;198;False
spotassay_192_00.jpg;46;136;False
spotassay_192_01.jpg;56;79;False
spotassay_192_02.jpg;44;177;False
spotassay_192_03.jpg;50;113;False
spotassay_193_00.jpg;40;84;False
spotassay_193_01.jpg;61;104;False
spotassay_193_02.jpg;70;117;False
spotassay_193_03.jpg;29;142;False
spotassay_194_00.jpg;31;118;False
spotassay_194_01.jpg;59;88;False
spotassay_194_02.jpg;53;166;False
spotassay_194_03.jpg;35;173;False
spotassay_195_00.jpg;45;134;False
spotassay_195_01.jpg;58;61;False
spotassay_195_02.jpg;51;181;False
spotassay_195_03.jpg;65;163;False
spotassay_196_00.jpg;71;99;False
spotassay_196_01.jpg;94;69;False
spotassay_196_02.jpg;41;227;False
spotassay_196_03.jpg;51;151;False
spotassay_197_00.jpg;63;107;False
spotassay_197_01.jpg;49;85;False
spotassay_197_02.jpg;20;182;False
spotassay_197_03.jpg;80;138;False
spotassay_198_00.jpg;40;136;False
spotassay_198_01.jpg;54;2;True
spotassay_198_02.jpg;66;182;False
spotassay_198_03.jpg;60;198;False
spotassay_199_00.jpg;43;129;False
spotassay_199_01.jpg;65;71;False
spotassay_199_02.jpg;4;171;False
spotassay_199_03.jpg;36;182;False
spotassay_1a.png;51;198;False
spotassay_1b.png;77;188;False
spotassay_1c.png;60;220;False
spotassay_1d.png;40;286;False
spotassay_200_00.jpg;9;98;False
spotassay_200_01.jpg;21;112;False
spotassay_200_02.jpg;35;186;False
spotassay_200_03.jpg;38;162;False
spotassay_201_00.jpg;49;70;False
spotassay_201_01.jpg;56;82;False
spotassay_201_02.jpg;19;131;False
spotassay_201_03.jpg;88;219;False
spotassay_202_00.jpg;36;16;False
spotassay_202_01.jpg;50;43;False
spotassay_202_02.jpg;24;98;False
spotassay_202_03.jpg;38;170;False
spotassay_203_00.jpg;31;61;False
spotassay_203_01.jpg;49;83;False
spotassay_203_02.jpg;27;53;False
spotassay_203_03.jpg;31;188;False
spotassay_204_00.jpg;35;30;False
spotassay_204_01.jpg;41;34;False
spotassay_204_02.jpg;46;171;False
spotassay_204_03.jpg;65;156;False
spotassay_205_00.jpg;48;38;False
spotassay_205_01.jpg;50;44;False
spotassay_205_02.jpg;44;162;False
spotassay_205_03.jpg;48;266;False
spotassay_206_00.jpg;19;99;False
spotassay_206_01.jpg;39;51;False
spotassay_206_02.jpg;45;146;False
spotassay_206_03.jpg;25;168;False
spotassay_207_00.jpg;63;71;False
spotassay_207_01.jpg;44;69;False
spotassay_207_02.jpg;27;122;False
spotassay_207_03.jpg;64;261;False
spotassay_208_00.jpg;31;93;False
spotassay_208_01.jpg;20;64;False
spotassay_208_02.jpg;54;304;False
spotassay_208_03.jpg;1;66;False
spotassay_209_00.jpg;50;55;False
spotassay_209_01.jpg;56;79;False
spotassay_209_02.jpg;31;172;False
spotassay_209_03.jpg;40;210;False
spotassay_210_00.jpg;41;35;False
spotassay_210_01.jpg;68;79;False
spotassay_210_02.jpg;55;95;False
spotassay_210_03.jpg;49;175;False
spotassay_211_00.jpg;60;80;False
spotassay_211_01.jpg;14;84;False
spotassay_211_02.jpg;49;141;False
spotassay_211_03.jpg;61;232;False
spotassay_212_00.jpg;48;54;False
spotassay_212_01.jpg;46;63;False
spotassay_212_02.jpg;41;172;False
spotassay_212_03.jpg;53;131;False
spotassay_213_00.jpg;38;94;False
spotassay_213_01.jpg;58;63;False
spotassay_213_02.jpg;24;133;False
spotassay_213_03.jpg;39;103;False
spotassay_214_00.jpg;55;17;False
spotassay_214_01.jpg;56;69;False
spotassay_214_02.jpg;44;151;False
spotassay_214_03.jpg;59;158;False
spotassay_215_00.jpg;45;45;False
spotassay_215_01.jpg;65;76;False
spotassay_215_02.jpg;68;358;False
spotassay_215_03.jpg;46;201;False
spotassay_216_00.jpg;35;103;False
spotassay_216_01.jpg;33;87;False
spotassay_216_02.jpg;55;178;False
spotassay_216_03.jpg;58;190;False
spotassay_217_00.jpg;59;35;False
spotassay_217_01.jpg;69;38;False
spotassay_217_02.jpg;53;133;False
spotassay_217_03.jpg;63;217;False
spotassay_218_00.jpg;54;31;False
spotassay_218_01.jpg;68;34;False
spotassay_218_02.jpg;61;152;False
spotassay_218_03.jpg;55;240;False
spotassay_219_00.jpg;35;75;False
spotassay_219_01.jpg;0;66;True
spotassay_219_02.jpg;6;354;False
spotassay_219_03.jpg;25;80;False
spotassay_220_00.jpg;45;46;False
spotassay_220_01.jpg;48;46;False
spotassay_220_02.jpg;14;350;False
spotassay_220_03.jpg;41;73;False
spotassay_221_00.jpg;48;54;False
spotassay_221_01.jpg;56;19;False
spotassay_221_02.jpg;8;136;False
spotassay_221_03.jpg;50;203;False
spotassay_222_00.jpg;31;42;False
spotassay_222_01.jpg;46;59;False
spotassay_222_02.jpg;33;88;False
spotassay_222_03.jpg;43;203;False
spotassay_223_00.jpg;140;98;False
spotassay_223_01.jpg;33;54;False
spotassay_223_02.jpg;58;90;False
spotassay_223_03.jpg;1;119;False
spotassay_224_00.jpg;12;61;True
spotassay_224_01.jpg;52;56;False
spotassay_224_02.jpg;33;111;False
spotassay_224_03.jpg;25;75;False
spotassay_225_00.jpg;14;4;False
spotassay_225_01.jpg;62;0;False
spotassay_225_02.jpg;4;103;True
spotassay_225_03.jpg;22;199;False
spotassay_226_00.jpg;85;67;False
spotassay_226_01.jpg;50;40;False
spotassay_226_02.jpg;90;79;False
spotassay_226_03.jpg;75;111;False
spotassay_227_00.jpg;18;80;False
spotassay_227_01.jpg;52;67;False
spotassay_227_02.jpg;4;346;False
spotassay_227_03.jpg;52;103;False
spotassay_228_00.jpg;16;69;False
spotassay_228_01.jpg;50;42;False
spotassay_228_02.jpg;39;107;False
spotassay_228_03.jpg;39;193;False
spotassay_229_00.jpg;27;31;False
spotassay_229_01.jpg;39;44;False
spotassay_229_02.jpg;24;77;False
spotassay_229_03.jpg;25;65;False
spotassay_230_00.jpg;66;94;False
spotassay_230_01.jpg;66;101;False
spotassay_230_02.jpg;52;170;False
spotassay_230_03.jpg;45;203;False
spotassay_231_00.jpg;50;25;False
spotassay_231_01.jpg;66;56;False
spotassay_231_02.jpg;3;63;False
spotassay_231_03.jpg;27;203;False
spotassay_232_00.jpg;52;56;False
spotassay_232_01.jpg;60;69;False
spotassay_232_02.jpg;45;176;False
spotassay_232_03.jpg;58;98;False
spotassay_233_00.jpg;41;69;False
spotassay_233_01.jpg;39;46;False
spotassay_233_02.jpg;64;161;False
spotassay_233_03.jpg;52;371;False
spotassay_234_00.jpg;45;73;False
spotassay_234_01.jpg;41;50;False
spotassay_234_02.jpg;45;184;False
spotassay_234_03.jpg;45;195;False
spotassay_235_00.jpg;48;90;False
spotassay_235_01.jpg;111;109;False
spotassay_235_02.jpg;45;138;False
spotassay_235_03.jpg;152;159;False
spotassay_236_00.jpg;25;80;False
spotassay_236_01.jpg;176;67;False
spotassay_236_02.jpg;1;132;False
spotassay_236_03.jpg;54;145;False
spotassay_237_00.jpg;60;203;False
spotassay_237_01.jpg;12;159;False
spotassay_237_02.jpg;10;417;False
spotassay_237_03.jpg;58;121;False
spotassay_238_00.jpg;43;63;False
spotassay_238_01.jpg;56;54;False
spotassay_238_02.jpg;6;222;False
spotassay_238_03.jpg;71;145;False
spotassay_239_00.jpg;41;100;False
spotassay_239_01.jpg;54;82;False
spotassay_239_02.jpg;48;214;False
spotassay_239_03.jpg;50;136;False
spotassay_240_00.jpg;52;88;False
spotassay_240_01.jpg;52;130;False
spotassay_240_02.jpg;0;398;False
spotassay_240_03.jpg;43;134;False
spotassay_241_00.jpg;43;124;False
spotassay_241_01.jpg;48;73;False
spotassay_241_02.jpg;48;212;False
spotassay_241_03.jpg;39;126;False
spotassay_242_00.jpg;58;199;False
spotassay_242_01.jpg;217;191;False
spotassay_242_02.jpg;46;249;False
spotassay_242_03.jpg;211;155;False
spotassay_243_00.jpg;37;29;False
spotassay_243_01.jpg;209;19;False
spotassay_243_02.jpg;64;195;False
spotassay_243_03.jpg;56;122;False
spotassay_244_00.jpg;54;130;False
spotassay_244_01.jpg;41;109;False
spotassay_244_02.jpg;25;210;False
spotassay_244_03.jpg;60;151;False
spotassay_245_00.jpg;45;124;False
spotassay_245_01.jpg;222;101;False
spotassay_245_02.jpg;35;226;False
spotassay_245_03.jpg;121;218;False
spotassay_246_00.jpg;45;138;False
spotassay_246_01.jpg;66;159;False
spotassay_246_02.jpg;60;203;False
spotassay_246_03.jpg;54;205;False
spotassay_247_00.jpg;45;73;False
spotassay_247_01.jpg;56;119;False
spotassay_247_02.jpg;54;357;False
spotassay_247_03.jpg;62;124;False
spotassay_248_00.jpg;54;122;False
spotassay_248_01.jpg;50;163;False
spotassay_248_02.jpg;90;377;False
spotassay_248_03.jpg;48;350;False
spotassay_249_00.jpg;39;140;False
spotassay_249_01.jpg;58;122;False
spotassay_249_02.jpg;6;373;False
spotassay_249_03.jpg;71;132;False
spotassay_250_00.jpg;29;44;False
spotassay_250_01.jpg;60;75;False
spotassay_250_02.jpg;12;180;False
spotassay_250_03.jpg;60;115;False
spotassay_251_00.jpg;31;132;False
spotassay_251_01.jpg;64;90;False
spotassay_251_02.jpg;41;174;False
spotassay_251_03.jpg;43;88;False
spotassay_252_00.jpg;83;79;False
spotassay_252_01.jpg;6;42;False
spotassay_252_02.jpg;8;373;False
spotassay_252_03.jpg;81;356;False
spotassay_253_00.jpg;29;130;False
spotassay_253_01.jpg;81;138;False
spotassay_253_02.jpg;45;187;False
spotassay_253_03.jpg;43;361;False
spotassay_254_00.jpg;64;71;False
spotassay_254_01.jpg;90;161;False
spotassay_254_02.jpg;68;346;False
spotassay_254_03.jpg;35;197;False
spotassay_255_00.jpg;12;100;False
spotassay_255_01.jpg;60;138;False
spotassay_255_02.jpg;43;291;False
spotassay_255_03.jpg;60;191;False
spotassay_256_00.jpg;48;138;False
spotassay_256_01.jpg;41;155;False
spotassay_256_02.jpg;16;239;False
spotassay_256_03.jpg;29;193;False
spotassay_257_00.jpg;29;90;False
spotassay_257_01.jpg;58;124;False
spotassay_257_02.jpg;27;180;False
spotassay_257_03.jpg;58;136;False
spotassay_258_00.jpg;60;59;False
spotassay_258_01.jpg;39;59;False
spotassay_258_02.jpg;50;405;False
spotassay_258_03.jpg;52;80;False
spotassay_259_00.jpg;31;98;False
spotassay_259_01.jpg;50;113;False
spotassay_259_02.jpg;0;115;False
spotassay_259_03.jpg;98;142;False
spotassay_260_00.jpg;60;113;False
spotassay_260_01.jpg;46;103;False
spotassay_260_02.jpg;45;199;False
spotassay_260_03.jpg;39;115;False
spotassay_261_00.jpg;33;73;False
spotassay_261_01.jpg;31;98;False
spotassay_261_02.jpg;54;172;False
spotassay_261_03.jpg;58;122;False
spotassay_262_00.jpg;60;113;False
spotassay_262_01.jpg;220;65;False
spotassay_262_02.jpg;20;201;False
spotassay_262_03.jpg;174;124;False
spotassay_263_00.jpg;48;101;False
spotassay_263_01.jpg;50;130;False
spotassay_263_02.jpg;43;149;False
spotassay_263_03.jpg;48;107;False
spotassay_264_00.jpg;54;113;False
spotassay_264_01.jpg;46;115;False
spotassay_264_02.jpg;25;170;False
spotassay_264_03.jpg;35;159;False
spotassay_265_00.jpg;43;103;False
spotassay_265_01.jpg;48;96;False
spotassay_265_02.jpg;52;71;False
spotassay_265_03.jpg;29;155;False
spotassay_266_00.jpg;46;56;False
spotassay_266_01.jpg;24;59;False
spotassay_266_02.jpg;24;182;False
spotassay_266_03.jpg;18;46;False
spotassay_267_00.jpg;37;132;False
spotassay_267_01.jpg;48;132;False
spotassay_267_02.jpg;46;245;False
spotassay_267_03.jpg;37;182;False
spotassay_268_00.jpg;46;134;False
spotassay_268_01.jpg;52;119;False
spotassay_268_02.jpg;43;191;False
spotassay_268_03.jpg;41;207;False
spotassay_269_00.jpg;31;172;False
spotassay_269_01.jpg;62;107;False
spotassay_269_02.jpg;77;279;False
spotassay_269_03.jpg;43;142;False
spotassay_270_00.jpg;52;130;False
spotassay_270_01.jpg;39;121;False
spotassay_270_02.jpg;43;205;False
spotassay_270_03.jpg;92;115;False
spotassay_271_00.jpg;62;101;False
spotassay_271_01.jpg;46;121;False
spotassay_271_02.jpg;46;260;False
spotassay_271_03.jpg;48;187;False
spotassay_272_00.jpg;39;122;False
spotassay_272_01.jpg;58;88;False
spotassay_272_02.jpg;92;235;False
spotassay_272_03.jpg;35;157;False
spotassay_273_00.jpg;41;23;False
spotassay_273_01.jpg;35;33;False
spotassay_273_02.jpg;31;166;False
spotassay_273_03.jpg;46;138;False
spotassay_274_00.jpg;22;75;False
spotassay_274_01.jpg;52;94;False
spotassay_274_02.jpg;6;191;False
spotassay_274_03.jpg;60;142;False
spotassay_275_00.jpg;77;119;False
spotassay_275_01.jpg;136;44;False
spotassay_275_02.jpg;35;231;False
spotassay_275_03.jpg;18;233;False
spotassay_276_00.jpg;29;92;False
spotassay_276_01.jpg;71;17;False
spotassay_276_02.jpg;24;174;False
spotassay_276_03.jpg;46;136;False
spotassay_277_00.jpg;79;82;False
spotassay_277_01.jpg;37;61;False
spotassay_277_02.jpg;58;212;False
spotassay_277_03.jpg;39;176;False
spotassay_278_00.jpg;39;82;False
spotassay_278_01.jpg;123;56;False
spotassay_278_02.jpg;56;357;False
spotassay_278_03.jpg;54;149;False
spotassay_279_00.jpg;117;100;False
spotassay_279_01.jpg;148;100;False
spotassay_279_02.jpg;75;65;False
spotassay_279_03.jpg;58;61;False
spotassay_280_00.jpg;48;94;False
spotassay_280_01.jpg;58;103;False
spotassay_280_02.jpg;43;207;False
spotassay_280_03.jpg;69;145;False
spotassay_281_00.jpg;64;111;False
spotassay_281_01.jpg;50;61;False
spotassay_281_02.jpg;77;422;False
spotassay_281_03.jpg;4;373;False
spotassay_282_00.jpg;60;111;False
spotassay_282_01.jpg;69;33;False
spotassay_282_02.jpg;71;388;False
spotassay_282_03.jpg;0;367;False
spotassay_283_00.jpg;4;88;False
spotassay_283_01.jpg;58;44;False
spotassay_283_02.jpg;54;394;False
spotassay_283_03.jpg;60;369;False
spotassay_284_00.jpg;52;73;False
spotassay_284_01.jpg;41;107;False
spotassay_284_02.jpg;123;382;False
spotassay_284_03.jpg;50;365;False
spotassay_285_00.jpg;35;17;False
spotassay_285_01.jpg;64;103;False
spotassay_285_02.jpg;33;365;False
spotassay_285_03.jpg;10;375;False
spotassay_286_00.jpg;50;109;False
spotassay_286_01.jpg;68;84;False
spotassay_286_02.jpg;46;231;False
spotassay_286_03.jpg;22;369;False
spotassay_287_00.jpg;27;75;False
spotassay_287_01.jpg;48;69;False
spotassay_287_02.jpg;48;224;False
spotassay_287_03.jpg;64;373;False
spotassay_288_00.jpg;46;84;False
spotassay_288_01.jpg;33;90;False
spotassay_288_02.jpg;45;369;False
spotassay_288_03.jpg;41;388;False
spotassay_289_00.jpg;48;44;False
spotassay_289_01.jpg;50;103;False
spotassay_289_02.jpg;52;226;False
spotassay_289_03.jpg;52;350;False
spotassay_290_00.jpg;52;92;False
spotassay_290_01.jpg;75;126;False
spotassay_290_02.jpg;60;166;False
spotassay_290_03.jpg;58;166;False
spotassay_291_00.jpg;96;82;False
spotassay_291_01.jpg;94;180;False
spotassay_291_02.jpg;94;335;False
spotassay_291_03.jpg;56;121;False
spotassay_292_00.jpg;52;56;False
spotassay_292_01.jpg;50;140;False
spotassay_292_02.jpg;39;140;False
spotassay_292_03.jpg;1;442;False
spotassay_293_00.jpg;50;61;False
spotassay_293_01.jpg;58;101;False
spotassay_293_02.jpg;48;348;False
spotassay_293_03.jpg;43;434;False
spotassay_294_00.jpg;12;48;False
spotassay_294_01.jpg;33;136;False
spotassay_294_02.jpg;14;377;False
spotassay_294_03.jpg;6;405;True
spotassay_295_00.jpg;46;33;False
spotassay_295_01.jpg;41;101;False
spotassay_295_02.jpg;39;294;False
spotassay_295_03.jpg;39;424;False
spotassay_296_00.jpg;45;35;False
spotassay_296_01.jpg;66;122;False
spotassay_296_02.jpg;64;161;False
spotassay_296_03.jpg;48;428;False
spotassay_297_00.jpg;25;48;False
spotassay_297_01.jpg;48;92;False
spotassay_297_02.jpg;92;354;False
spotassay_297_03.jpg;54;205;False
spotassay_298_00.jpg;50;82;False
spotassay_298_01.jpg;46;117;False
spotassay_298_02.jpg;41;184;False
spotassay_298_03.jpg;75;436;False
spotassay_299_00.jpg;33;42;False
spotassay_299_01.jpg;43;134;False
spotassay_299_02.jpg;29;182;False
spotassay_299_03.jpg;54;275;False
spotassay_2a.png;96;218;False
spotassay_2b.png;92;214;False
spotassay_2c.png;75;229;False
spotassay_2d.png;113;289;False
spotassay_300_00.jpg;39;59;False
spotassay_300_01.jpg;68;117;False
spotassay_300_02.jpg;25;134;False
spotassay_300_03.jpg;4;208;False
spotassay_302_00.jpg;77;82;False
spotassay_302_01.jpg;43;126;False
spotassay_302_02.jpg;43;124;False
spotassay_302_03.jpg;41;239;False
spotassay_303_00.jpg;48;86;False
spotassay_303_01.jpg;24;144;False
spotassay_303_02.jpg;41;302;False
spotassay_303_03.jpg;45;214;False
spotassay_304_00.jpg;43;86;False
spotassay_304_01.jpg;50;82;False
spotassay_304_02.jpg;33;157;False
spotassay_304_03.jpg;39;260;False
spotassay_305_00.jpg;52;48;False
spotassay_305_01.jpg;41;147;False
spotassay_305_02.jpg;6;346;True
spotassay_305_03.jpg;10;222;False
spotassay_306_00.jpg;24;46;False
spotassay_306_01.jpg;132;170;False
spotassay_306_02.jpg;29;361;False
spotassay_306_03.jpg;54;166;False
spotassay_307_00.jpg;48;101;False
spotassay_307_01.jpg;131;134;False
spotassay_307_02.jpg;98;348;False
spotassay_307_03.jpg;39;270;False
spotassay_308_00.jpg;31;56;False
spotassay_308_01.jpg;16;124;False
spotassay_308_02.jpg;41;149;False
spotassay_308_03.jpg;12;453;False
spotassay_309_00.jpg;45;88;False
spotassay_309_01.jpg;37;122;False
spotassay_309_02.jpg;35;161;False
spotassay_309_03.jpg;33;237;False
spotassay_310_00.jpg;8;71;False
spotassay_310_01.jpg;14;21;False
spotassay_310_02.jpg;96;367;False
spotassay_310_03.jpg;48;126;False
spotassay_311_00.jpg;31;98;False
spotassay_311_01.jpg;68;38;False
spotassay_311_02.jpg;24;273;False
spotassay_311_03.jpg;54;159;False
spotassay_312_00.jpg;29;92;False
spotassay_312_01.jpg;39;19;False
spotassay_312_02.jpg;77;411;False
spotassay_312_03.jpg;16;396;False
spotassay_313_00.jpg;41;42;False
spotassay_313_01.jpg;25;80;False
spotassay_313_02.jpg;20;142;False
spotassay_313_03.jpg;50;144;False
spotassay_314_00.jpg;39;86;False
spotassay_314_01.jpg;24;23;False
spotassay_314_02.jpg;33;180;False
spotassay_314_03.jpg;39;210;False
spotassay_315_00.jpg;33;88;False
spotassay_315_01.jpg;71;8;False
spotassay_315_02.jpg;41;207;False
spotassay_315_03.jpg;37;166;False
spotassay_316_00.jpg;73;88;False
spotassay_316_01.jpg;48;31;False
spotassay_316_02.jpg;71;411;False
spotassay_316_03.jpg;35;356;False
spotassay_317_00.jpg;45;75;False
spotassay_317_01.jpg;45;61;False
spotassay_317_02.jpg;41;411;False
spotassay_317_03.jpg;29;144;False
spotassay_318_00.jpg;52;113;False
spotassay_318_01.jpg;52;59;False
spotassay_318_02.jpg;52;279;False
spotassay_318_03.jpg;41;134;False
spotassay_319_00.jpg;60;56;False
spotassay_319_01.jpg;46;12;False
spotassay_319_02.jpg;45;384;False
spotassay_319_03.jpg;58;159;False
spotassay_320_00.jpg;45;79;False
spotassay_320_01.jpg;56;71;False
spotassay_320_02.jpg;22;252;False
spotassay_320_03.jpg;46;208;False
spotassay_321_00.jpg;33;84;False
spotassay_321_01.jpg;46;101;False
spotassay_321_02.jpg;18;260;False
spotassay_321_03.jpg;31;350;False
spotassay_322_00.jpg;46;63;False
spotassay_322_01.jpg;35;54;False
spotassay_322_02.jpg;58;348;False
spotassay_322_03.jpg;43;176;False
spotassay_323_00.jpg;31;90;False
spotassay_323_01.jpg;41;8;False
spotassay_323_02.jpg;41;151;False
spotassay_323_03.jpg;31;201;False
spotassay_324_00.jpg;6;140;False
spotassay_324_01.jpg;48;54;False
spotassay_324_02.jpg;41;201;False
spotassay_324_03.jpg;64;157;False
spotassay_325_00.jpg;66;82;False
spotassay_325_01.jpg;48;67;False
spotassay_325_02.jpg;87;306;False
spotassay_325_03.jpg;48;178;False
spotassay_326_00.jpg;56;46;False
spotassay_326_01.jpg;39;56;False
spotassay_326_02.jpg;45;124;False
spotassay_326_03.jpg;64;172;False
spotassay_327_00.jpg;50;109;False
spotassay_327_01.jpg;64;29;False
spotassay_327_02.jpg;37;356;False
spotassay_327_03.jpg;46;170;False
spotassay_3a.png;89;214;False
spotassay_3b.png;94;210;False
spotassay_3c.png;90;205;False
spotassay_3d.png;98;138;False
spotassay_4a.png;81;222;False
spotassay_4b.png;71;203;False
spotassay_4c.png;83;229;False
spotassay_4d.png;62;287;False
spotassay_56a.png;62;268;False
spotassay_56b.png;27;275;False
spotassay_56c.png;64;302;False
spotassay_56d0003.png;41;250;False
spotassay_57a.png;43;268;False
spotassay_57b0001.png;33;256;False
spotassay_57c.png;18;193;False
spotassay_57d0001.png;20;315;False
spotassay_58a.png;16;281;False
spotassay_58b0001.png;29;249;False
spotassay_58c.png;81;220;False
spotassay_58d0001.png;35;289;False
spotassay_59a.png;50;254;False
spotassay_59b.png;41;287;False
spotassay_59c.png;29;256;False
spotassay_59d.png;69;235;False
spotassay_5a.png;92;229;False
spotassay_5b.png;92;218;False
spotassay_5c.png;110;229;False
spotassay_5d.png;98;264;False
spotassay_60a.png;71;250;False
spotassay_60b.png;58;210;False
spotassay_60c.png;50;287;False
spotassay_60d.png;50;245;False
spotassay_61a.png;39;256;False
spotassay_61b.png;50;252;False
spotassay_61c.png;68;222;False
spotassay_61d.png;60;224;False
spotassay_62a.png;43;308;False
spotassay_62b.png;45;296;False
spotassay_62c.png;52;285;False
spotassay_62d.png;37;344;False
spotassay_63a.png;45;289;False
spotassay_63b.png;31;277;False
spotassay_63c.png;41;260;False
spotassay_63d.png;33;233;False
spotassay_64a.png;33;233;False
spotassay_64b.png;41;293;False
spotassay_64c.png;24;247;False
spotassay_64d.png;48;245;False
spotassay_65a.png;52;250;False
spotassay_65b.png;52;250;False
spotassay_65c.png;71;314;False
spotassay_65d.png;29;270;False
spotassay_66a.png;29;270;False
spotassay_66b.png;12;270;False
spotassay_66c.png;43;270;False
spotassay_66d.png;66;270;False
spotassay_67a.png;46;291;False
spotassay_67b.png;64;293;False
spotassay_67c.png;33;228;False
spotassay_67d.png;41;281;False
spotassay_68a.png;41;281;False
spotassay_68b.png;14;260;False
spotassay_68c.png;4;203;False
spotassay_68d.png;75;205;False
spotassay_69a.png;43;239;False
spotassay_69b.png;43;239;False
spotassay_69c.png;39;243;False
spotassay_69d.png;50;241;False
spotassay_6a.png;96;197;False
spotassay_6b.png;90;184;False
spotassay_6c.png;75;224;False
spotassay_6d.png;25;281;False
spotassay_70a.png;41;329;False
spotassay_70b.png;20;298;False
spotassay_70c.png;35;233;False
spotassay_70d.png;45;235;False
spotassay_71a.png;50;294;False
spotassay_71b.png;6;273;False
spotassay_71c.png;45;281;False
spotassay_71d.png;52;247;False
spotassay_72a.png;45;298;False
spotassay_72b.png;22;243;False
spotassay_72c.png;1;247;False
spotassay_72d.png;58;222;False
spotassay_73a.png;41;304;False
spotassay_73b.png;58;252;False
spotassay_73c.png;56;260;False
spotassay_73d.png;46;279;False
spotassay_7a.png;87;224;False
spotassay_7b.png;48;281;False
spotassay_7c.png;96;298;False
spotassay_7d.png;54;279;False
spotassay_8a.png;66;237;False
spotassay_8b.png;52;245;False
spotassay_8c.png;90;291;False
spotassay_8d.png;60;258;False
spotassay_9a.png;50;256;False
spotassay_9b.png;60;165;False
spotassay_9c.png;81;254;False
spotassay_9d.png;244;266;False
